,Part Number,Vendor Code,Unit Cost,Location Code,Lead Time (days),Total Usage,Total Incidents,Description,Purchase Volume,Daily Demand,theta,r,mil,Q,Order Frequency,Order Interval,Service Level,Fill Rate,Backorder Level,Inventory Level,I Investment,Implied A/i_h,Implied C_s/i_h
0,930001314,C,25.85,5,60,0.5,0,NO USAGE,12.925,0.0013698630137,0.0821917808219,0.0,1.0,1.0,0.5,730.0,0.921095293344,0.921095293344,0.00328707416587,0.921095293344,23.8103133329,25.85,301.760368196
1,930002204-016,B,1.94,5,80,26.0,12,STRIP - HOLDOWN,50.44,0.0712328767123,5.69863013699,10.0,18.0,8.0,3.25,112.307692308,0.968609819398,0.993125009918,0.00482911601674,8.80619897903,17.0840260193,2.38769230769,59.862766432
2,930002511,D,1.55,5,120,0.5,0,NO USAGE,0.775,0.0013698630137,0.164383561644,0.0,1.0,1.0,0.5,730.0,0.84841653942,0.84841653942,0.0128001010642,0.84841653942,1.3150456361,1.55,8.67538998696
3,930010352,B,11.23,5,98,5.0,5,GATE - DROP,56.15,0.013698630137,1.34246575342,2.0,5.0,3.0,1.66666666667,219.0,0.847223892503,0.929223768563,0.0270766516658,2.68461089824,30.1481803872,10.107,62.2762581708
4,930010641,E,6.38,40,40,0.5,0,NO USAGE,3.19,0.0013698630137,0.0547945205479,0.0,1.0,1.0,0.5,730.0,0.946679651186,0.946679651186,0.00147417173353,0.946679651186,6.03981617456,6.38,113.274130962
5,930010753,D,14.55,5,14,0.5,0,NO USAGE,7.275,0.0013698630137,0.0191780821918,0.0,1.0,1.0,0.5,730.0,0.981004647229,0.981004647229,0.000182729420507,0.981004647229,14.2736176172,14.55,751.426824711
6,93004522M,C,6.55,12,113,1.0,1,REPLACED BY 0038973,6.55,0.0027397260274,0.309589041096,0.0,1.0,1.0,1.0,365.0,0.733748434725,0.733748434725,0.0433374758209,0.733748434725,4.80605224745,3.275,18.0507943399
7,930050722,B,586.53,50,161,4.0,4,SWITCH ASSM-OPTICAL,2346.12,0.0109589041096,1.76438356164,1.0,4.0,3.0,1.33333333333,273.75,0.47351774308,0.703533949964,0.201601187151,1.43721762551,842.971253889,659.84625,527.524637721
8,930055719,A,17.64,50,30,713.0,321,FINGER ASSY - RH PUS,12577.32,1.95342465753,58.602739726,237.0,357.0,120.0,5.94166666667,61.4305750351,0.9999,1.0,1.37032257026e-71,238.897260274,4214.14767123,178.131837307,176382.36
9,930056310,B,28.49,5,150,22.0,15,BEARING ASSY - SHAFT,626.78,0.0602739726027,9.04109589041,9.0,15.0,6.0,3.66666666667,99.5454545455,0.581993797943,0.806018567157,0.311130946962,3.77003505655,107.408298761,23.31,39.666883462
10,930056383,B,5.34,5,91,30.0,17,SPRKT ASSY-IDLER,160.2,0.0821917808219,7.47945205479,12.0,20.0,8.0,3.75,97.3333333333,0.958081057581,0.989918971672,0.00863444669875,9.0291823919,48.2158339728,5.696,122.048710015
11,9.30101E+11,D,0.08,11,120,0.5,0,NO USAGE,0.04,0.0013698630137,0.164383561644,0.0,1.0,1.0,0.5,730.0,0.84841653942,0.84841653942,0.0128001010642,0.84841653942,0.0678733231536,0.08,0.447762063843
12,9.3022E+11,C,18.23,11,40,1.0,1,TRANSFORMER,18.23,0.0027397260274,0.109589041096,0.0,1.0,1.0,1.0,365.0,0.896202361969,0.896202361969,0.00579140306476,0.896202361969,16.3377690587,9.115,157.400200704
13,9.30234E+11,D,0.72,11,120,0.5,0,NO USAGE,0.36,0.0013698630137,0.164383561644,0.0,1.0,1.0,0.5,730.0,0.84841653942,0.84841653942,0.0128001010642,0.84841653942,0.610859908383,0.72,4.02985857459
14,9.30234E+11,D,12.3,11,120,0.5,0,NO USAGE,6.15,0.0013698630137,0.164383561644,0.0,1.0,1.0,0.5,730.0,0.84841653942,0.84841653942,0.0128001010642,0.84841653942,10.4355234349,12.3,68.8434173159
15,9.3026E+11,D,0.53,11,120,0.5,0,NO USAGE,0.265,0.0013698630137,0.164383561644,0.0,1.0,1.0,0.5,730.0,0.84841653942,0.84841653942,0.0128001010642,0.84841653942,0.449660765893,0.53,2.96642367296
16,9.30272E+11,D,37.5,11,120,0.5,0,NO USAGE,18.75,0.0013698630137,0.164383561644,0.0,1.0,1.0,0.5,730.0,0.84841653942,0.84841653942,0.0128001010642,0.84841653942,31.8156202283,37.5,209.888467427
17,9.3029E+11,B,36.0,11,40,10.0,9,MOTOR CONTROLLER,360.0,0.027397260274,1.09589041096,4.0,7.0,3.0,3.33333333333,109.5,0.994647706788,0.997850860331,0.000435778853533,4.90454536789,176.563633244,16.2,6690.08890684
18,930300067,D,1.85,27,60,0.5,0,NO USAGE,0.925,0.0013698630137,0.0821917808219,0.0,1.0,1.0,0.5,730.0,0.921095293344,0.921095293344,0.00328707416587,0.921095293344,1.70402629269,1.85,21.5960031398
19,930300134,D,68.5,27,90,0.5,0,NO USAGE,34.25,0.0013698630137,0.123287671233,0.0,1.0,1.0,0.5,730.0,0.884009321928,0.884009321928,0.0072969931607,0.884009321928,60.5546385521,68.5,522.064700013
20,930300204,D,2.18,27,14,0.5,0,NO USAGE,1.09,0.0013698630137,0.0191780821918,0.0,1.0,1.0,0.5,730.0,0.981004647229,0.981004647229,0.000182729420507,0.981004647229,2.13859013096,2.18,112.584912568
21,9.3041E+11,D,31.28,11,120,0.5,0,NO USAGE,15.64,0.0013698630137,0.164383561644,0.0,1.0,1.0,0.5,730.0,0.84841653942,0.84841653942,0.0128001010642,0.84841653942,26.5384693531,31.28,175.074966963
22,930450516,A,0.79,6,90,226.0,133,COVER - PLASTIC,178.54,0.619178082192,55.7260273973,75.0,113.0,38.0,5.94736842105,61.3716814159,0.99434368489,0.999523039108,0.00098542432805,38.7749580271,30.6322168414,2.52380530973,138.876900554
23,930450763,D,6.69,6,150,0.5,0,NO USAGE,3.345,0.0013698630137,0.205479452055,0.0,1.0,1.0,0.5,730.0,0.8142568257,0.8142568257,0.0197362777547,0.8142568257,5.44737816393,6.69,29.3274742636
24,9.305E+11,D,5.08,11,120,0.5,0,NO USAGE,2.54,0.0013698630137,0.164383561644,0.0,1.0,1.0,0.5,730.0,0.84841653942,0.84841653942,0.0128001010642,0.84841653942,4.30995602026,5.08,28.432891054
25,930502531,D,8.91,5,120,0.5,0,NO USAGE,4.455,0.0013698630137,0.164383561644,0.0,1.0,1.0,0.5,730.0,0.84841653942,0.84841653942,0.0128001010642,0.84841653942,7.55939136624,8.91,49.8694998605
26,930502874,D,6.57,5,120,0.5,0,NO USAGE,3.285,0.0013698630137,0.164383561644,0.0,1.0,1.0,0.5,730.0,0.84841653942,0.84841653942,0.0128001010642,0.84841653942,5.57409666399,6.57,36.7724594931
27,930502982,D,21.08,5,133,0.5,0,NO USAGE,10.54,0.0013698630137,0.182191780822,0.0,1.0,1.0,0.5,730.0,0.833441486994,0.833441486994,0.0156332678163,0.833441486994,17.5689465458,21.08,105.482128946
28,930503024,C,2.05,5,112,1.0,1,PULLEY-TMG 12XL037 .,2.05,0.0027397260274,0.306849315068,0.0,1.0,1.0,1.0,365.0,0.73576146072,0.73576146072,0.0426107757884,0.73576146072,1.50831099448,1.025,5.70814158519
29,930504889,B,0.52,5,49,12.0,2,CAP-.150 MFD 50V,6.24,0.0328767123288,1.61095890411,5.0,8.0,3.0,4.0,91.25,0.993764110951,0.997367855482,0.000700945966552,5.38974204186,2.80266586177,0.195,82.8682700439
30,930509405,B,0.56,5,91,36.0,36,ROD,20.16,0.0986301369863,8.97534246575,15.0,24.0,9.0,4.0,91.25,0.978439527835,0.995373668881,0.00402620542787,11.0286837397,6.17606289422,0.63,25.4134571541
31,930515146,C,1.44,5,84,1.0,1,BAR-SUCKER SHAFT,1.44,0.0027397260274,0.230136986301,0.0,1.0,1.0,1.0,365.0,0.794424769738,0.794424769738,0.0245617560397,0.794424769738,1.14397166842,0.72,5.56473494869
32,930527433,D,8.32,5,30,0.5,0,NO USAGE,4.16,0.0013698630137,0.041095890411,0.0,1.0,1.0,0.5,730.0,0.959737095951,0.959737095951,0.000832986361696,0.959737095951,7.98501263831,8.32,198.321825682
33,930527463,D,5.59,5,91,1.0,1,PLATE-BED,5.59,0.0027397260274,0.249315068493,0.0,1.0,1.0,1.0,365.0,0.779334390987,0.779334390987,0.02864945948,0.779334390987,4.35647924562,2.795,19.7424477022
34,930527815,C,5.59,5,84,1.0,1,SHAFT-DROP ROLL,5.59,0.0027397260274,0.230136986301,0.0,1.0,1.0,1.0,365.0,0.794424769738,0.794424769738,0.0245617560397,0.794424769738,4.44083446284,2.795,21.6019919189
35,9.30531E+11,C,23.95,11,40,0.5,0,NO USAGE,11.975,0.0013698630137,0.0547945205479,0.0,1.0,1.0,0.5,730.0,0.946679651186,0.946679651186,0.00147417173353,0.946679651186,22.6729776459,23.95,425.221855259
36,930534200,C,1.45,50,49,3.0,2,ROLLER-FOLL,4.35,0.00821917808219,0.402739726027,1.0,3.0,2.0,1.5,243.333333333,0.937711961365,0.964818952178,0.00490072509511,2.10216099907,3.04813344865,0.966666666667,21.8289478006
37,930538851,A,2.96,5,105,537.0,81,INDICATOR - LIGHT (R,1589.52,1.47123287671,154.479452055,179.0,269.0,90.0,5.96666666667,61.1731843575,0.975876629667,0.998533191794,0.00600588113953,70.0265538263,207.278599326,22.3240223464,119.742589196
38,9.3054E+11,D,0.95,11,45,0.5,0,NO USAGE,0.475,0.0013698630137,0.0616438356164,0.0,1.0,1.0,0.5,730.0,0.940217699221,0.940217699221,0.00186153483711,0.940217699221,0.89320681426,0.95,14.9409909391
39,930541530,D,26.9,5,49,0.5,0,NO USAGE,13.45,0.0013698630137,0.0671232876712,0.0,1.0,1.0,0.5,730.0,0.935079910405,0.935079910405,0.00220319807661,0.935079910405,25.1536495899,26.9,387.45555878
40,930546683,A,1.2,5,77,119.0,64,PIN - SPRING,142.8,0.32602739726,25.104109589,39.0,60.0,21.0,5.66666666667,64.4117647059,0.996314954216,0.999584702464,0.000536363102639,24.8964267741,29.8757121289,2.22352941176,324.440458886
41,930550262,A,0.8,5,119,50.0,11,NUT - MODIFIED,40.0,0.13698630137,16.301369863,16.0,25.0,9.0,5.55555555556,65.7,0.536089251012,0.809314649778,0.43693706517,5.13556720216,4.10845376172,0.648,0.924469635044
42,930550327,C,37.9,5,150,3.0,2,WING-SUCKER BAR,113.7,0.00821917808219,1.23287671233,1.0,3.0,2.0,1.5,243.333333333,0.650778492045,0.761529517038,0.111248419679,1.37837170735,52.2402877086,25.2666666667,70.6271071129
43,930553141,A,1.0,5,45,699.0,257,ROLLER - W/ BOSS,699.0,1.91506849315,86.1780821918,233.0,350.0,117.0,5.97435897436,61.0944206009,0.9999,1.0,1.53225474395e-41,205.821917808,205.821917808,9.79184549356,9999.0
44,930553144,A,1.07,5,49,57.0,25,NUT - CAM FOLLOWER,60.99,0.156164383562,7.65205479452,19.0,29.0,10.0,5.7,64.0350877193,0.999856374455,0.999977964325,1.14138413547e-05,16.8479566193,18.0273135827,0.938596491228,7448.8581991
45,930553790,B,0.29,5,91,11.0,8,HOOK-SPRING (RH JAW),3.19,0.0301369863014,2.74246575342,4.0,8.0,4.0,2.75,132.727272727,0.856524293255,0.941734806179,0.0344116704038,3.79194591698,1.09966431592,0.210909090909,1.73124810241
46,930564719,C,25.31,5,91,1.0,1,FORK-CAM LEVER,25.31,0.0027397260274,0.249315068493,0.0,1.0,1.0,1.0,365.0,0.779334390987,0.779334390987,0.02864945948,0.779334390987,19.7249534359,12.655,89.388434945
47,930567691,C,10.17,5,70,2.0,1,GIB-FLAP SEALER SLID,20.34,0.00547945205479,0.383561643836,0.0,2.0,2.0,1.0,365.0,0.681430070791,0.812115289847,0.0363919690775,1.15283032524,11.7242844077,10.17,21.7539170666
48,930590017,D,148.2,5,91,0.5,0,NO USAGE,74.1,0.0013698630137,0.124657534247,0.0,1.0,1.0,0.5,730.0,0.882799179308,0.882799179308,0.00745671355457,0.882799179308,130.830838373,148.2,1116.29626483
49,930594444,C,3.88,5,91,0.5,0,NO USAGE,1.94,0.0013698630137,0.124657534247,0.0,1.0,1.0,0.5,730.0,0.882799179308,0.882799179308,0.00745671355457,0.882799179308,3.42526081572,3.88,29.2255702263
50,930594631,B,42.75,5,150,7.0,6,PLATE-REAR CONY,299.25,0.0191780821918,2.87671232877,2.0,5.0,3.0,2.33333333333,156.428571429,0.451370729183,0.653912293223,0.331136250671,1.4544239219,62.1766226614,27.4821428571,35.1714713359
51,930594772,C,11.09,5,84,1.0,1,SHAFT-CONVEYOR RH,11.09,0.0027397260274,0.230136986301,0.0,1.0,1.0,1.0,365.0,0.794424769738,0.794424769738,0.0245617560397,0.794424769738,8.8101706964,5.545,42.8561879035
52,930594835,D,5.9,5,49,1.0,1,PLATE - TIE,5.9,0.0027397260274,0.134246575342,0.0,1.0,1.0,1.0,365.0,0.874374438844,0.874374438844,0.00862101418619,0.874374438844,5.15880918918,2.95,41.0649643408
53,930594887,C,5.36,5,56,1.0,1,BAR-UPPER JAW,5.36,0.0027397260274,0.153424657534,0.0,1.0,1.0,1.0,365.0,0.857765387924,0.857765387924,0.011190045458,0.857765387924,4.59762247927,2.68,32.3242170957
54,930596014,D,4.0,5,49,0.5,0,NO USAGE,2.0,0.0013698630137,0.0671232876712,0.0,1.0,1.0,0.5,730.0,0.935079910405,0.935079910405,0.00220319807661,0.935079910405,3.74031964162,4.0,57.614209484
55,930597425,D,1.33,5,77,0.5,0,NO USAGE,0.665,0.0013698630137,0.105479452055,0.0,1.0,1.0,0.5,730.0,0.899892963608,0.899892963608,0.00537241566291,0.899892963608,1.1968576416,1.33,11.9557793811
56,930598647,B,12.0,5,21,29.0,29,ASSY - BRUSH,348.0,0.0794520547945,1.66849315068,12.0,20.0,8.0,3.625,100.689655172,0.9999,0.999999996225,4.96177624506e-10,14.8315068498,177.978082198,13.2413793103,119988.0
57,930599173,A,27.21,50,30,37.0,15,COUPLING - DR SHAFT,1006.77,0.101369863014,3.04109589041,15.0,25.0,10.0,3.7,98.6486486486,0.9999,0.999999982007,3.76317137707e-09,17.4589041134,475.056780924,36.7702702703,272072.79
58,9.3071E+11,C,2.18,11,40,1.0,1,BELT - APACHE 1X 22,2.18,0.0027397260274,0.109589041096,0.0,1.0,1.0,1.0,365.0,0.896202361969,0.896202361969,0.00579140306476,0.896202361969,1.95372114909,1.09,18.822404692
59,930750125,D,7.52,9,120,0.5,0,NO USAGE,3.76,0.0013698630137,0.164383561644,0.0,1.0,1.0,0.5,730.0,0.84841653942,0.84841653942,0.0128001010642,0.84841653942,6.38009237644,7.52,42.0896340013
60,930810277000P,D,63.12,11,120,0.5,0,NO USAGE,31.56,0.0013698630137,0.164383561644,0.0,1.0,1.0,0.5,730.0,0.84841653942,0.84841653942,0.0128001010642,0.84841653942,53.5520519682,63.12,353.284268372
61,9.3081E+11,D,9.28,11,120,0.5,0,NO USAGE,4.64,0.0013698630137,0.164383561644,0.0,1.0,1.0,0.5,730.0,0.84841653942,0.84841653942,0.0128001010642,0.84841653942,7.87330548582,9.28,51.9403994058
62,9311153645,D,380.4,16,30,0.5,0,NO USAGE,190.2,0.0013698630137,0.041095890411,0.0,1.0,1.0,0.5,730.0,0.959737095951,0.959737095951,0.000832986361696,0.959737095951,365.0839913,380.4,9067.50270306
63,9311170742,C,46.24,16,30,0.5,1,BELT,23.12,0.0013698630137,0.041095890411,0.0,1.0,1.0,0.5,730.0,0.959737095951,0.959737095951,0.000832986361696,0.959737095951,44.3782433168,46.24,1102.21168504
64,9320454420,D,3.27,15,150,0.5,0,NO USAGE,1.635,0.0013698630137,0.205479452055,0.0,1.0,1.0,0.5,730.0,0.8142568257,0.8142568257,0.0197362777547,0.8142568257,2.66261982004,3.27,14.3349537881
65,9320454460,D,1.8,15,150,0.5,0,NO USAGE,0.9,0.0013698630137,0.205479452055,0.0,1.0,1.0,0.5,730.0,0.8142568257,0.8142568257,0.0197362777547,0.8142568257,1.46566228626,1.8,7.89080025031
66,9320454461,D,9.97,15,120,0.5,0,NO USAGE,4.985,0.0013698630137,0.164383561644,0.0,1.0,1.0,0.5,730.0,0.84841653942,0.84841653942,0.0128001010642,0.84841653942,8.45871289802,9.97,55.8023472065
67,932950106,D,2.5,6,120,0.5,0,NO USAGE,1.25,0.0013698630137,0.164383561644,0.0,1.0,1.0,0.5,730.0,0.84841653942,0.84841653942,0.0128001010642,0.84841653942,2.12104134855,2.5,13.9925644951
68,934501136,D,45.0,6,150,0.5,0,NO USAGE,22.5,0.0013698630137,0.205479452055,0.0,1.0,1.0,0.5,730.0,0.8142568257,0.8142568257,0.0197362777547,0.8142568257,36.6415571565,45.0,197.270006258
69,934501176,A,140.32,6,30,105.0,100,DRIVER - DIGIT,14733.6,0.287671232877,8.6301369863,35.0,53.0,18.0,5.83333333333,62.5714285714,0.9999,1.0,6.61928018142e-14,35.8698630137,5033.25917808,216.493714286,1403059.68
70,934503384,B,1.05,5,120,6.0,4,IC. - HCF4049UBE,6.3,0.0164383561644,1.97260273973,2.0,4.0,2.0,3.0,121.666666667,0.68409158111,0.773062313381,0.140277472381,1.66767473266,1.75105846929,0.35,2.27374807766
71,93501029A,D,191.47,7,120,0.5,0,NO USAGE,95.735,0.0013698630137,0.164383561644,0.0,1.0,1.0,0.5,730.0,0.84841653942,0.84841653942,0.0128001010642,0.84841653942,162.446314803,191.47,1071.66252955
72,93503703A,D,10.15,8,150,0.5,0,NO USAGE,5.075,0.0013698630137,0.205479452055,0.0,1.0,1.0,0.5,730.0,0.8142568257,0.8142568257,0.0197362777547,0.8142568257,8.26470678085,10.15,44.4953458559
73,93503764A,D,1.5,8,30,0.5,0,NO USAGE,0.75,0.0013698630137,0.041095890411,0.0,1.0,1.0,0.5,730.0,0.959737095951,0.959737095951,0.000832986361696,0.959737095951,1.43960564393,1.5,35.7551368417
74,93503997A,D,29.81,7,120,0.5,0,NO USAGE,14.905,0.0013698630137,0.164383561644,0.0,1.0,1.0,0.5,730.0,0.84841653942,0.84841653942,0.0128001010642,0.84841653942,25.2912970401,29.81,166.84733904
75,93600340-02,C,306.0,14,120,2.0,2,COUNTER BIN BRD,612.0,0.00547945205479,0.657534246575,0.0,2.0,2.0,1.0,365.0,0.518127334945,0.688470568351,0.105068482399,0.947534235823,289.945476162,306.0,329.02253228
76,937000095,D,31.05,29,40,0.5,0,NO USAGE,15.525,0.0013698630137,0.0547945205479,0.0,1.0,1.0,0.5,730.0,0.946679651186,0.946679651186,0.00147417173353,0.946679651186,29.3944031693,31.05,551.279273728
77,937000360,D,6.03,30,30,0.5,0,NO USAGE,3.015,0.0013698630137,0.041095890411,0.0,1.0,1.0,0.5,730.0,0.959737095951,0.959737095951,0.000832986361696,0.959737095951,5.78721468858,6.03,143.735650104
78,937000920,C,0.34,31,40,4.0,3,WASHER - 0.5MM,1.36,0.0109589041096,0.438356164384,1.0,4.0,3.0,1.33333333333,273.75,0.927877781931,0.972216289001,0.00420607458837,2.5658499102,0.87238896947,0.3825,4.37421996028
79,937002464,D,13.04,39,60,0.5,0,NO USAGE,6.52,0.0013698630137,0.0821917808219,0.0,1.0,1.0,0.5,730.0,0.921095293344,0.921095293344,0.00328707416587,0.921095293344,12.0110826252,13.04,152.222638347
80,937006206,B,47.07,1,30,12.0,6,VALVE VACUUM,564.84,0.0328767123288,0.986301369863,5.0,8.0,3.0,4.0,91.25,0.999446674379,0.999786969127,3.27993404261e-05,6.01373142948,283.066338386,17.65125,85020.3806917
81,937006787,D,60.8,1,30,0.5,0,NO USAGE,30.4,0.0013698630137,0.041095890411,0.0,1.0,1.0,0.5,730.0,0.959737095951,0.959737095951,0.000832986361696,0.959737095951,58.3520154338,60.8,1449.27487998
82,937014206,D,45.85,1,150,0.5,0,NO USAGE,22.925,0.0013698630137,0.205479452055,0.0,1.0,1.0,0.5,730.0,0.8142568257,0.8142568257,0.0197362777547,0.8142568257,37.3336754583,45.85,200.996217487
83,937050679,D,0.93,9,120,0.5,0,NO USAGE,0.465,0.0013698630137,0.164383561644,0.0,1.0,1.0,0.5,730.0,0.84841653942,0.84841653942,0.0128001010642,0.84841653942,0.789027381661,0.93,5.20523399218
84,937106319,D,1.8,1,150,0.5,0,NO USAGE,0.9,0.0013698630137,0.205479452055,0.0,1.0,1.0,0.5,730.0,0.8142568257,0.8142568257,0.0197362777547,0.8142568257,1.46566228626,1.8,7.89080025031
85,937108216,B,4.33,1,40,1.0,1,FLAT SPRING,4.33,0.0027397260274,0.109589041096,0.0,1.0,1.0,1.0,365.0,0.896202361969,0.896202361969,0.00579140306476,0.896202361969,3.88055622733,2.165,37.3857854662
86,937109386,C,2.19,1,120,0.5,0,NO USAGE,1.095,0.0013698630137,0.164383561644,0.0,1.0,1.0,0.5,730.0,0.84841653942,0.84841653942,0.0128001010642,0.84841653942,1.85803222133,2.19,12.2574864977
87,937431512,D,216.42,26,120,0.5,0,NO USAGE,108.21,0.0013698630137,0.164383561644,0.0,1.0,1.0,0.5,730.0,0.84841653942,0.84841653942,0.0128001010642,0.84841653942,183.614307461,216.42,1211.30832321
88,938780159,C,165.21,50,90,0.5,0,NO USAGE,82.605,0.0013698630137,0.123287671233,0.0,1.0,1.0,0.5,730.0,0.884009321928,0.884009321928,0.0072969931607,0.884009321928,146.047180076,165.21,1259.12859984
89,939900001-056,D,0.0,5,120,0.5,0,NO USAGE,0.0,0.0013698630137,0.164383561644,0.0,1.0,1.0,0.5,730.0,0.84841653942,0.84841653942,0.0128001010642,0.84841653942,0.0,0.0,0.0
90,939900002-039,D,0.02,5,30,0.5,0,NO USAGE,0.01,0.0013698630137,0.041095890411,0.0,1.0,1.0,0.5,730.0,0.959737095951,0.959737095951,0.000832986361696,0.959737095951,0.019194741919,0.02,0.476735157889
91,939900007-126,E,0.02,40,30,0.5,0,NO USAGE,0.01,0.0013698630137,0.041095890411,0.0,1.0,1.0,0.5,730.0,0.959737095951,0.959737095951,0.000832986361696,0.959737095951,0.019194741919,0.02,0.476735157889
92,939900014-034,E,0.02,40,30,0.5,0,NO USAGE,0.01,0.0013698630137,0.041095890411,0.0,1.0,1.0,0.5,730.0,0.959737095951,0.959737095951,0.000832986361696,0.959737095951,0.019194741919,0.02,0.476735157889
93,9.39931E+11,B,1.28,11,150,7.0,2,FUSE,8.96,0.0191780821918,2.87671232877,2.0,5.0,3.0,2.33333333333,156.428571429,0.451370729183,0.653912293223,0.331136250671,1.4544239219,1.86166262004,0.822857142857,1.05308732889
94,9.39932E+11,D,36.08,25,120,2.0,1,* FILTER,72.16,0.00547945205479,0.657534246575,0.0,2.0,2.0,1.0,365.0,0.518127334945,0.688470568351,0.105068482399,0.947534235823,34.1870352285,36.08,38.7945521721
95,9.39932E+11,D,2.72,25,40,0.5,0,NO USAGE,1.36,0.0013698630137,0.0547945205479,0.0,1.0,1.0,0.5,730.0,0.946679651186,0.946679651186,0.00147417173353,0.946679651186,2.57496865122,2.72,48.2924194699
96,93E299185,D,22.32,5,78,0.5,0,NO USAGE,11.16,0.0013698630137,0.106849315068,0.0,1.0,1.0,0.5,730.0,0.898661077471,0.898661077471,0.00551039253974,0.898661077471,20.0581152492,22.32,197.931009612
97,93E312501,B,21.96,5,77,7.0,6,SHAFT-FRT BELT,153.72,0.0191780821918,1.47671232877,2.0,5.0,3.0,2.33333333333,156.428571429,0.814669434304,0.91147155853,0.0377492733939,2.56103694463,56.240371304,14.1171428571,96.5309780936
98,93E319215,C,32.53,5,70,2.0,1,PLATE-STKR FRT,65.06,0.00547945205479,0.383561643836,0.0,2.0,2.0,1.0,365.0,0.681430070791,0.812115289847,0.0363919690775,1.15283032524,37.5015704801,32.53,69.5825882181
99,93E335161,D,34.49,5,42,0.5,0,NO USAGE,17.245,0.0013698630137,0.0575342465753,0.0,1.0,1.0,0.5,730.0,0.944089557999,0.944089557999,0.00162380457395,0.944089557999,32.5616488554,34.49,582.38940151
100,93E335355,D,37.79,5,63,0.5,0,NO USAGE,18.895,0.0013698630137,0.086301369863,0.0,1.0,1.0,0.5,730.0,0.917317737638,0.917317737638,0.00361910750091,0.917317737638,34.6654373053,37.79,419.260870651
101,93E645622,C,89.84,5,106,0.5,0,NO USAGE,44.92,0.0013698630137,0.145205479452,0.0,1.0,1.0,0.5,730.0,0.864844567064,0.864844567064,0.0100500465161,0.864844567064,77.697635905,89.84,574.876157157
102,93E699873,D,14.14,5,112,0.5,0,NO USAGE,7.07,0.0013698630137,0.153424657534,0.0,1.0,1.0,0.5,730.0,0.857765387924,0.857765387924,0.011190045458,0.857765387924,12.1288025852,14.14,85.2732145024
103,93E7431493,B,12.24,26,30,12.0,10,BEARING,146.88,0.0328767123288,0.986301369863,5.0,8.0,3.0,4.0,91.25,0.999446674379,0.999786969127,3.27993404261e-05,6.01373142948,73.6080726968,4.59,22108.5502372
104,93E7431502,C,37.82,26,40,2.0,2,SHAFT,75.64,0.00547945205479,0.219178082192,0.0,2.0,2.0,1.0,365.0,0.803178673599,0.891198254267,0.011965673258,1.29278759107,48.8932266941,37.82,154.333973817
105,93E8251216,D,22.74,5,90,0.5,0,NO USAGE,11.37,0.0013698630137,0.123287671233,0.0,1.0,1.0,0.5,730.0,0.884009321928,0.884009321928,0.0072969931607,0.884009321928,20.1023719806,22.74,173.310237639
106,93E8251431,C,2.59,5,91,2.0,1,BRKT - SUPPT,5.18,0.00547945205479,0.498630136986,0.0,2.0,2.0,1.0,365.0,0.607362092975,0.758786614785,0.0610977982588,1.06246766127,2.7517912427,2.59,4.00640843041
107,93E8251690,D,7.7,5,113,0.5,0,NO USAGE,3.85,0.0013698630137,0.154794520548,0.0,1.0,1.0,0.5,730.0,0.856591171286,0.856591171286,0.0113856918339,0.856591171286,6.5957520189,7.7,45.9926496719
108,93E8253339,A,1.2,50,60,338.0,38,BLOCK - CHAIN JAW,405.6,0.92602739726,55.5616438356,112.0,169.0,57.0,5.9298245614,61.5532544379,0.9999,1.0,2.84899132112e-13,85.4383561644,102.526027397,5.7674556213,11998.8
109,93E845444,B,13.07,5,113,16.0,7,BLOCK ASSY-BRNG,209.12,0.0438356164384,4.95342465753,6.0,11.0,5.0,3.2,114.0625,0.768961629506,0.906454556834,0.0880209833198,4.13459632579,54.039173978,10.2109375,43.5006898471
110,93H200278,D,31.67,21,70,0.5,0,NO USAGE,15.835,0.0013698630137,0.0958904109589,0.0,1.0,1.0,0.5,730.0,0.908563579225,0.908563579225,0.00445399018342,0.908563579225,28.774208554,31.67,314.690889145
111,93H700640,D,74.23,1,150,0.5,0,NO USAGE,37.115,0.0013698630137,0.205479452055,0.0,1.0,1.0,0.5,730.0,0.8142568257,0.8142568257,0.0197362777547,0.8142568257,60.4422841717,74.23,325.407834767
112,93TP30013,C,0.01,10,40,3.0,3,1530 PARTS CATALOG,0.03,0.00821917808219,0.328767123288,1.0,3.0,2.0,1.5,243.333333333,0.956460692645,0.975911383189,0.0027194771618,2.17395235387,0.0217395235387,0.00666666666667,0.219677516883
113,93TP50018,D,0.01,10,120,0.5,0,NO USAGE,0.005,0.0013698630137,0.164383561644,0.0,1.0,1.0,0.5,730.0,0.84841653942,0.84841653942,0.0128001010642,0.84841653942,0.0084841653942,0.01,0.0559702579804
114,93TP50077-2,D,0.01,10,120,0.5,0,NO USAGE,0.005,0.0013698630137,0.164383561644,0.0,1.0,1.0,0.5,730.0,0.84841653942,0.84841653942,0.0128001010642,0.84841653942,0.0084841653942,0.01,0.0559702579804
115,93TP50106-4,D,0.01,10,120,0.5,0,NO USAGE,0.005,0.0013698630137,0.164383561644,0.0,1.0,1.0,0.5,730.0,0.84841653942,0.84841653942,0.0128001010642,0.84841653942,0.0084841653942,0.01,0.0559702579804
116,93TP50158,D,0.01,10,40,0.5,0,NO USAGE,0.005,0.0013698630137,0.0547945205479,0.0,1.0,1.0,0.5,730.0,0.946679651186,0.946679651186,0.00147417173353,0.946679651186,0.00946679651186,0.01,0.177545659816
117,930000670,B,7.48,5,30,6.0,4,CYLINDER-PNEUMATIC,44.88,0.0164383561644,0.493150684932,2.0,4.0,2.0,3.0,121.666666667,0.986126280962,0.992229866772,0.00100891808256,3.00785823315,22.498779584,2.49333333333,531.668874165
118,930000671,C,1.37,5,28,1.0,1,ADAPTER,1.37,0.0027397260274,0.0767123287671,0.0,1.0,1.0,1.0,365.0,0.926156243797,0.926156243797,0.00286857256387,0.926156243797,1.268834054,0.685,17.1826857034
119,930000685,B,5.16,5,30,16.0,16,ROD - END,82.56,0.0438356164384,1.31506849315,6.0,11.0,5.0,3.2,114.0625,0.999568130996,0.999897424152,1.88319124517e-05,7.68495033876,39.654343748,4.03125,11942.9074724
120,930001209,B,31.46,5,91,4.0,4,PULLEY,125.84,0.0109589041096,0.997260273973,1.0,4.0,3.0,1.33333333333,273.75,0.73676676996,0.879382663652,0.0434434483819,2.04618317441,64.3729226669,35.3925,88.0537862923
121,930005632-001,C,43.84,5,120,2.0,1,FLEX CABLE,87.68,0.00547945205479,0.657534246575,0.0,2.0,2.0,1.0,365.0,0.518127334945,0.688470568351,0.105068482399,0.947534235823,41.5399008985,43.84,47.1383915528
122,930005801,B,21.38,5,30,3.0,3,COVER - TOP,64.14,0.00821917808219,0.246575342466,1.0,3.0,2.0,1.5,243.333333333,0.974164325948,0.986042590347,0.00117257704248,2.25459723458,48.2032888753,14.2533333333,806.157921297
123,930007817-000,C,671.32,36,40,4.0,4,AUGER DRIVE ASSM 60,2685.28,0.0109589041096,0.438356164384,1.0,4.0,3.0,1.33333333333,273.75,0.927877781931,0.972216289001,0.00420607458837,2.5658499102,1722.50636172,755.235,8636.76865805
124,930010292,B,46.34,36,42,2.0,2,GUIDE - CONVEYOR,92.68,0.00547945205479,0.230136986301,0.0,2.0,2.0,1.0,365.0,0.794424769738,0.885838030914,0.0131874020842,1.28305041578,59.4565562674,46.34,179.076262168
125,930011311,C,14.95,3,150,2.0,1,HINGE-FEED TABLE,29.9,0.00547945205479,0.821917808219,0.0,2.0,2.0,1.0,365.0,0.439587800493,0.620240321243,0.161952029709,0.84003422149,12.5585116113,14.95,11.7267925701
126,930011975,C,2.96,3,30,1.0,1,SPRING,2.96,0.0027397260274,0.0821917808219,0.0,1.0,1.0,1.0,365.0,0.921095293344,0.921095293344,0.00328707416587,0.921095293344,2.7264420683,1.48,34.5536050236
127,930012317,D,32.22,3,45,1.0,1,ARM - RETARDED ROLL,32.22,0.0027397260274,0.123287671233,0.0,1.0,1.0,1.0,365.0,0.884009321928,0.884009321928,0.0072969931607,0.884009321928,28.4827803525,16.11,245.560943568
128,930012523,C,6.73,5,63,1.0,1,BLOCK - SUPPORT,6.73,0.0027397260274,0.172602739726,0.0,1.0,1.0,1.0,365.0,0.841471831785,0.841471831785,0.0140745715111,0.841471831785,5.66310542791,3.365,35.7230231806
129,930013424,B,22.5,3,150,4.0,4,GEAR - MAIN DRIVE RO,90.0,0.0109589041096,1.64383561644,1.0,4.0,3.0,1.33333333333,273.75,0.510888011343,0.732629453722,0.167618071188,1.52378245475,34.2851052319,25.3125,23.501734821
130,930013431,C,105.3,3,30,3.0,2,PLATE-FOLD,315.9,0.00821917808219,0.246575342466,1.0,3.0,2.0,1.5,243.333333333,0.974164325948,0.986042590347,0.00117257704248,2.25459723458,237.409088801,70.2,3970.45973398
131,930026307,B,98.0,3,30,6.0,6,BELT-STACKER,588.0,0.0164383561644,0.493150684932,2.0,4.0,2.0,3.0,121.666666667,0.986126280962,0.992229866772,0.00100891808256,3.00785823315,294.770106849,32.6666666667,6965.71519628
132,93003003M,C,42.21,12,30,2.0,2,27 TOOTH GEAR,84.42,0.00547945205479,0.164383561644,0.0,2.0,2.0,1.0,365.0,0.84841653942,0.918149405674,0.00674123702815,1.34235767538,56.660917478,42.21,236.250458935
133,93003272M,B,108.92,12,30,7.0,7,MAIN ROLL RUBBER,762.44,0.0191780821918,0.575342465753,2.0,5.0,3.0,2.33333333333,156.428571429,0.979250446577,0.99200984531,0.00121596845508,3.4258735027,373.146141914,70.02,5140.34960003
134,93003336M,B,58.18,12,113,3.0,2,BEARING ARM,174.54,0.00821917808219,0.928767123288,1.0,3.0,2.0,1.5,243.333333333,0.761941025451,0.847132324277,0.0519104067244,1.62314328344,94.4344762303,38.7866666667,186.213222773
135,93004306M,B,36.88,12,113,2.0,2,RIGHT PAPER GUIDE,73.76,0.00547945205479,0.619178082192,0.0,2.0,2.0,1.0,365.0,0.538386765461,0.705065407919,0.0934368728419,0.97425879065,35.9306641992,36.88,43.013723231
136,930052775,B,8.05,5,154,6.0,5,SHAFT ASSY-ROLLER,48.3,0.0164383561644,2.53150684932,2.0,4.0,2.0,3.0,121.666666667,0.535756950492,0.64328867697,0.303105871647,1.27159902233,10.2363721298,2.68333333333,9.29005497449
137,9.30101E+11,A,0.12,11,40,168.0,13,SCREW - 6-32 X 1/4,20.16,0.460273972603,18.4109589041,56.0,84.0,28.0,6.0,60.8333333333,0.9999,1.0,1.09457094314e-14,52.0890410959,6.25068493151,0.28,1199.88
138,9.3026E+11,A,0.1,11,60,342.0,3,FORK CONNECTORS TERM,34.2,0.93698630137,56.2191780822,114.0,171.0,57.0,6.0,60.8333333333,0.9999,1.0,1.31891897073e-13,86.7808219178,8.67808219178,0.475,999.9
139,9.30272E+11,C,15.41,11,40,2.0,2,CA 18 STACKER CABLE,30.82,0.00547945205479,0.219178082192,0.0,2.0,2.0,1.0,365.0,0.803178673599,0.891198254267,0.011965673258,1.29278759107,19.9218567783,15.41,62.8843610926
140,9.3029E+11,B,77.88,11,120,10.0,10,DC POWER SUPPLY,778.8,0.027397260274,3.28767123288,4.0,7.0,3.0,3.33333333333,109.5,0.764834363893,0.866345109222,0.101108045606,2.81343681273,219.110458975,35.046,253.29083469
141,9.3029E+11,B,29.76,11,120,5.0,3,STAND MONITOR,148.8,0.013698630137,1.64383561644,2.0,5.0,3.0,1.66666666667,219.0,0.771970677371,0.886940463374,0.054558534562,2.41072291812,71.7431140434,26.784,100.749531217
142,9.30501E+11,D,17.86,11,45,1.0,1,PULLEY - GEAR BELT M,17.86,0.0027397260274,0.123287671233,0.0,1.0,1.0,1.0,365.0,0.884009321928,0.884009321928,0.0072969931607,0.884009321928,15.7884064896,8.93,136.117891127
143,930502221,D,23.88,5,210,1.0,1,GUIDE-FINGER LIFT,23.88,0.0027397260274,0.575342465753,0.0,1.0,1.0,1.0,365.0,0.562512194654,0.562512194654,0.137854660408,0.562512194654,13.4327912083,11.94,30.7043786003
144,930503049,B,0.38,5,150,24.0,12,RING-0 1.975X.210W,9.12,0.0657534246575,9.86301369863,10.0,16.0,6.0,4.0,91.25,0.600172715672,0.811726107525,0.312231258788,3.94921756016,1.50070267286,0.285,0.570410376917
145,930503128,C,7.26,5,49,1.0,1,STOP-ROLLER ARM,7.26,0.0027397260274,0.134246575342,0.0,1.0,1.0,1.0,365.0,0.874374438844,0.874374438844,0.00862101418619,0.874374438844,6.34795842601,3.63,50.5307866296
146,930503153,C,6.99,5,49,2.0,2,ROLLER-FRONT,13.98,0.00547945205479,0.268493150685,0.0,2.0,2.0,1.0,365.0,0.764530659303,0.867166282059,0.0179247623956,1.24943161171,8.73352696586,6.99,22.6953933481
147,930503636,C,2.34,50,120,1.0,1,COLLAR CLUTCH BACKUP,2.34,0.0027397260274,0.328767123288,0.0,1.0,1.0,1.0,365.0,0.719810624362,0.719810624362,0.0485777476497,0.719810624362,1.68435686101,1.17,6.01149439436
148,930506303,C,2.9,5,49,12.0,3,PIN-STACKER STOP,34.8,0.0328767123288,1.61095890411,5.0,8.0,3.0,4.0,91.25,0.993764110951,0.997367855482,0.000700945966552,5.38974204186,15.6302519214,1.0875,462.149967552
149,930509636,C,3.09,5,98,1.0,1,SHAFT-T.O.DR,3.09,0.0027397260274,0.268493150685,0.0,1.0,1.0,1.0,365.0,0.764530659303,0.764530659303,0.0330238099882,0.764530659303,2.36239973725,1.545,10.0327275316
150,930509641,B,6.61,5,84,5.0,4,SHAFT-FOLL(TOP SUCKE,33.05,0.013698630137,1.15068493151,2.0,5.0,3.0,1.66666666667,219.0,0.890001673364,0.951272574481,0.0156818966443,2.86499696514,18.9376299396,5.949,53.481823232
151,930516459,A,112.6,5,90,82.0,77,MOTOR - DC 1/4 HP 90,9233.2,0.224657534247,20.2191780822,27.0,41.0,14.0,5.85714285714,62.3170731707,0.941734850163,0.988668460818,0.0177573264729,14.2985792443,1610.02002291,134.570731707,1819.94458822
152,930519002,D,5.08,5,56,1.0,1,FINGER-DET,5.08,0.0027397260274,0.153424657534,0.0,1.0,1.0,1.0,365.0,0.857765387924,0.857765387924,0.011190045458,0.857765387924,4.35744817065,2.54,30.6356385907
153,930525479,C,29.53,5,91,1.0,1,GUARD - COVER,29.53,0.0027397260274,0.249315068493,0.0,1.0,1.0,1.0,365.0,0.779334390987,0.779334390987,0.02864945948,0.779334390987,23.0137445658,14.765,104.292393676
154,930526629,C,12.45,5,84,1.0,1,SHAFT-TENSIONER,12.45,0.0027397260274,0.230136986301,0.0,1.0,1.0,1.0,365.0,0.794424769738,0.794424769738,0.0245617560397,0.794424769738,9.89058838324,6.225,48.1117709106
155,930526690,C,27.98,5,70,1.0,1,PULLEY-ROLLER DR 3/8,27.98,0.0027397260274,0.191780821918,0.0,1.0,1.0,1.0,365.0,0.825487777493,0.825487777493,0.0172685994111,0.825487777493,23.0971480143,13.99,132.352609362
156,930527011,B,8.03,5,133,14.0,7,LEVER-DROP ROLL SHAF,112.42,0.0383561643836,5.10136986301,5.0,10.0,5.0,2.8,130.357142857,0.598179581327,0.818131218775,0.207302487732,3.10593262472,24.9406389765,7.16964285714,11.9540516481
157,930527239,C,2.13,5,49,5.0,3,HOLDER-DROP WHEEL,10.65,0.013698630137,0.671232876712,2.0,5.0,3.0,1.66666666667,219.0,0.969264542357,0.987879209669,0.00217209389793,3.33093921719,7.09490053261,1.917,67.1710666947
158,930530671,A,6.64,50,75,171.0,111,VALVE - RELIEF,1135.44,0.468493150685,35.1369863014,57.0,86.0,29.0,5.89655172414,61.9005847953,0.999747047421,0.999979642746,2.60558621134e-05,36.8630397545,244.77058397,16.3281871345,26243.3394871
159,9.30531E+11,B,19.6,11,30,8.0,7,SHAFT,156.8,0.0219178082192,0.657534246575,3.0,6.0,3.0,2.66666666667,136.875,0.99536968337,0.998236924713,0.000247473821184,4.34271322725,85.117179254,11.025,4213.3718602
160,930536627,A,3.1,50,56,70.0,19,MOUNT - CONTACT,217.0,0.191780821918,10.7397260274,23.0,35.0,12.0,5.83333333333,62.5714285714,0.999666958562,0.999953045371,3.13255927063e-05,18.7603052982,58.1569464244,3.18857142857,9305.05101582
161,930542611,C,2.57,5,91,1.0,1,STUD-IDLER SPRKT,2.57,0.0027397260274,0.249315068493,0.0,1.0,1.0,1.0,365.0,0.779334390987,0.779334390987,0.02864945948,0.779334390987,2.00288938484,1.285,9.07658150173
162,930546020,A,0.65,5,40,3308.0,210,CUP - OIL,2150.2,9.06301369863,362.520547945,1102.0,1654.0,552.0,5.99275362319,60.9068923821,0.9999,1.0,8.72421205005e-217,1015.97945205,660.386643836,29.9361547763,6499.35
163,930548140,B,5.92,5,60,12.0,6,BRKT-CAM FOLL,71.04,0.0328767123288,1.97260273973,5.0,8.0,3.0,4.0,91.25,0.984404950182,0.993062025703,0.00233993891639,5.02973719919,29.7760442192,2.22,373.687636335
164,930550121,B,4.56,5,90,26.0,12,ARM - LOWER DRE,118.56,0.0712328767123,6.41095890411,10.0,18.0,8.0,3.25,112.307692308,0.938008982085,0.985253358797,0.0122642295069,8.1013053254,36.9419522838,5.61230769231,68.9990437676
165,930550226,B,1.25,5,84,73.0,25,ADAPTOR-BALL JOINT,91.25,0.2,16.8,24.0,37.0,13.0,5.61538461538,65.0,0.963699732164,0.993194204495,0.00900361522591,14.2090036152,17.761254519,1.44691780822,33.1850076331
166,930550401,C,15.71,5,56,2.0,2,PLATE HINGE,31.42,0.00547945205479,0.306849315068,0.0,2.0,2.0,1.0,365.0,0.73576146072,0.848645410858,0.0233754562862,1.21652614122,19.1116256785,15.71,43.7438557578
167,930554203,B,4.28,5,70,7.0,4,PLATE-ADJ FEED(INS),29.96,0.0191780821918,1.34246575342,2.0,5.0,3.0,2.33333333333,156.428571429,0.847223892503,0.929223768563,0.0270766516658,2.68461089824,11.4901346445,2.75142857143,23.7348517338
168,930557148,B,4.5,5,90,42.0,17,SHAFT - PUSHER FINGE,189.0,0.115068493151,10.3561643836,17.0,28.0,11.0,3.81818181818,95.5952380952,0.980578729505,0.996472468578,0.00328839267223,12.6471240091,56.912058041,6.48214285714,227.204717828
169,930557570,B,1.84,5,49,27.0,2,PIN-CAM FOLLOWER 3/8,49.68,0.0739726027397,3.62465753425,11.0,18.0,7.0,3.85714285714,94.6296296296,0.999606891624,0.999923528293,2.68607022045e-05,11.3753693265,20.9306795607,1.66962962963,4678.80308345
170,930559175,C,2.85,50,42,2.0,1,ANGLE-REAR INS (WIDE,5.7,0.00547945205479,0.230136986301,0.0,2.0,2.0,1.0,365.0,0.794424769738,0.885838030914,0.0131874020842,1.28305041578,3.65669368498,2.85,11.0135379193
171,930559730,B,3.0,50,30,17.0,3,WASHER - FOOT,51.0,0.0465753424658,1.39726027397,7.0,12.0,5.0,3.4,107.352941176,0.999894857323,0.999975258877,4.2886353343e-06,8.60274401466,25.808232044,2.20588235294,28529.657569
172,930561105,B,2.0,5,49,5.0,4,PAD-INS GUIDE,10.0,0.013698630137,0.671232876712,2.0,5.0,3.0,1.66666666667,219.0,0.969264542357,0.987879209669,0.00217209389793,3.33093921719,6.66187843437,1.8,63.0714241265
173,9.30561E+11,B,8.36,11,30,5.0,4,BOTTLE MODIFIED,41.8,0.013698630137,0.41095890411,2.0,5.0,3.0,1.66666666667,219.0,0.991473069256,0.996848719619,0.000337127682366,3.58937822357,30.0072019491,7.524,972.063114867
174,930565370,A,5.44,5,150,304.0,126,BRUSH - MOIST,1653.76,0.832876712329,124.931506849,101.0,152.0,51.0,5.96078431373,61.2335526316,0.015692013039,0.530501573314,6.59891595828,8.66740910897,47.1507055528,23.2721052632,0.0867254477898
175,930565540,B,0.07,5,56,79.0,11,PLATE-SWITCH (ON-OFF,5.53,0.216438356164,12.1205479452,26.0,40.0,14.0,5.64285714286,64.6835443038,0.999844085873,0.999981004806,1.29559163716e-05,21.3794650107,1.49656255075,0.086835443038,448.895090386
176,930581224,C,12.0,50,35,2.0,1,SHAFT-LOWER ROLLER,24.0,0.00547945205479,0.191780821918,0.0,2.0,2.0,1.0,365.0,0.825487777493,0.904644139719,0.00916885038308,1.31738802847,15.8086563416,12.0,56.7630919349
177,930584730,C,1.97,5,49,2.0,1,PIN-CROSSHEAD,3.94,0.00547945205479,0.268493150685,0.0,2.0,2.0,1.0,365.0,0.764530659303,0.867166282059,0.0179247623956,1.24943161171,2.46138027507,1.97,6.39626965605
178,930593038,B,13.45,5,40,12.0,11,PULLEY-TMG 48XLB037,161.4,0.0328767123288,1.31506849315,5.0,8.0,3.0,4.0,91.25,0.99763958167,0.999046051433,0.00020179896019,5.68513330581,76.4650429631,5.04375,5684.6924981
179,930596577,C,1.41,5,120,104.0,2,BRNG-SEP SHAFT,146.64,0.284931506849,34.1917808219,34.0,52.0,18.0,5.77777777778,63.1730769231,0.53235426782,0.865681782762,0.454224183479,9.76244336156,13.7650451398,2.19634615385,1.60510289301
180,930597053,B,1.07,5,56,56.0,5,* BANG - BR .750 X .,59.92,0.153424657534,8.59178082192,18.0,28.0,10.0,5.6,65.1785714286,0.998537815489,0.999754310946,0.000160192488468,14.9083793706,15.9519659265,0.955357142857,730.711791029
181,930597064,B,0.04,5,77,11.0,5,GROMMET-RUBBER .375,0.44,0.0301369863014,2.32054794521,4.0,8.0,4.0,2.75,132.727272727,0.913828975029,0.967552860596,0.015594364699,4.19504641949,0.16780185678,0.0290909090909,0.42419315557
182,930598437,C,2.43,5,56,1.0,1,CONTACT ASSY,2.43,0.0027397260274,0.153424657534,0.0,1.0,1.0,1.0,365.0,0.857765387924,0.857765387924,0.011190045458,0.857765387924,2.08436989265,1.215,14.6544491684
183,930598638,B,0.49,5,63,13.0,3,SET SCREW-#10-32X1.0,6.37,0.0356164383562,2.24383561644,5.0,9.0,4.0,3.25,112.307692308,0.972945689118,0.990480210181,0.003730454937,5.2598948385,2.57734847086,0.301538461538,17.6217161748
184,930599011,B,3.82,5,70,24.0,13,SPRKT-DR 35B16 1.0,91.68,0.0657534246575,4.60273972603,10.0,16.0,6.0,4.0,91.25,0.9921912269,0.997982693335,0.00105864278481,8.89831891676,33.991578262,2.865,485.373366358
185,9.3062E+11,B,6.27,11,120,2.0,2,HAND FEED GUIDE,12.54,0.00547945205479,0.657534246575,0.0,2.0,2.0,1.0,365.0,0.518127334945,0.688470568351,0.105068482399,0.947534235823,5.94103965861,6.27,6.74173620064
186,9.3071E+11,B,2.59,11,40,4.0,3,4L290 BELT,10.36,0.0109589041096,0.438356164384,1.0,4.0,3.0,1.33333333333,273.75,0.927877781931,0.972216289001,0.00420607458837,2.5658499102,6.64555126743,2.91375,33.3212638151
187,93071006700OP,D,0.62,11,120,1.0,1,* BELT,0.62,0.0027397260274,0.328767123288,0.0,1.0,1.0,1.0,365.0,0.719810624362,0.719810624362,0.0485777476497,0.719810624362,0.446282587104,0.31,1.59278911304
188,9.3071E+11,A,8.35,11,30,60.0,26,FLAT BELT 1 1/2 30 3,501.0,0.164383561644,4.93150684932,20.0,30.0,10.0,6.0,60.8333333333,0.9999,0.99999999171,2.29089945816e-09,20.568493153,171.746917827,6.95833333333,83491.65
189,9.30821E+11,B,896.32,11,120,5.0,4,BOARD - DISCOVERY II,4481.6,0.013698630137,1.64383561644,2.0,5.0,3.0,1.66666666667,219.0,0.771970677371,0.886940463374,0.054558534562,2.41072291812,2160.77916597,806.688,3034.40254772
190,9.30821E+11,C,191.59,11,40,7.0,7,BOARD - INTELL INTER,1341.13,0.0191780821918,0.767123287671,2.0,5.0,3.0,2.33333333333,156.428571429,0.957187305505,0.982712126632,0.00357365449282,3.23645036682,620.071525779,123.165,4283.48456048
191,9.30821E+11,C,407.57,11,40,2.0,2,* CARD ASSY - FEEDER,815.14,0.00547945205479,0.219178082192,0.0,2.0,2.0,1.0,365.0,0.803178673599,0.891198254267,0.011965673258,1.29278759107,526.901438491,407.57,1663.19137252
192,930BH5664,C,22.57,33,30,2.0,1,CASTER,45.14,0.00547945205479,0.164383561644,0.0,2.0,2.0,1.0,365.0,0.84841653942,0.918149405674,0.00674123702815,1.34235767538,30.2970127334,22.57,126.324872262
193,9313412-SU,C,194.42,3,150,1.0,1,*ROLLER - MAIN,194.42,0.0027397260274,0.41095890411,0.0,1.0,1.0,1.0,365.0,0.663014178199,0.663014178199,0.0739730823085,0.663014178199,128.903216525,97.21,382.518219421
194,9320454449,C,2.2,15,30,1.0,1,BELT STACKER ROLLER,2.2,0.0027397260274,0.0821917808219,0.0,1.0,1.0,1.0,365.0,0.921095293344,0.921095293344,0.00328707416587,0.921095293344,2.02640964536,1.1,25.6817334635
195,93501582A,B,1.0,10,120,77.0,17,SYSTEMS RULER (NEW),77.0,0.21095890411,25.3150684932,25.0,39.0,14.0,5.5,66.3636363636,0.527882711307,0.846583513491,0.44486911856,7.62980062541,7.62980062541,1.27272727273,1.11811773038
196,93501725A,A,1.5,10,60,2.0,1,HAND SOAP - HEAVY DU,3.0,0.00547945205479,0.328767123288,0.0,2.0,2.0,1.0,365.0,0.719810624362,0.838135658504,0.0268080939725,1.19804097068,1.79706145603,1.5,3.85352204767
197,93600275-01,C,172.48,14,120,1.0,1,*VACCUUM PUMP,172.48,0.0027397260274,0.328767123288,0.0,1.0,1.0,1.0,365.0,0.719810624362,0.719810624362,0.0485777476497,0.719810624362,124.15293649,86.24,443.103655188
198,93600605-01,B,0.88,14,30,4.0,3,KNOB,3.52,0.0109589041096,0.328767123288,1.0,4.0,3.0,1.33333333333,273.75,0.956460692645,0.983816001721,0.00182156904528,2.67305444576,2.35228791227,0.99,19.3316214857
199,937000913,B,1.43,31,120,8.0,4,TENSION SPRING (END,11.44,0.0219178082192,2.6301369863,3.0,6.0,3.0,2.66666666667,136.875,0.729429893308,0.850424233249,0.102468042174,2.47233105587,3.5354334099,0.804375,3.85513669704
200,937002067,D,73.01,6,90,2.0,1,CARD ASSY - A/C DR.,146.02,0.00547945205479,0.493150684932,0.0,2.0,2.0,1.0,365.0,0.610699238959,0.761282612949,0.0597829173604,1.06663223243,77.8748192896,73.01,114.531374964
201,937002964,D,65.0,35,40,2.0,2,* SPRING-NOZZLE,130.0,0.00547945205479,0.219178082192,0.0,2.0,2.0,1.0,365.0,0.803178673599,0.891198254267,0.011965673258,1.29278759107,84.0311934193,65.0,265.248765154
202,937014795,C,12.21,1,150,3.0,1,SCREW,36.63,0.00821917808219,1.23287671233,1.0,3.0,2.0,1.5,243.333333333,0.650778492045,0.761529517038,0.111248419679,1.37837170735,16.8299185467,8.14,22.7534822651
203,937019789,C,3.39,1,120,7.0,2,ROD END-R H,23.73,0.0191780821918,2.30136986301,2.0,5.0,3.0,2.33333333333,156.428571429,0.595675591795,0.770277713392,0.165780819923,1.86441095691,6.32035314392,2.17928571429,4.99435654935
204,937100521,B,15.57,1,40,12.0,8,ROD END,186.84,0.0328767123288,1.31506849315,5.0,8.0,3.0,4.0,91.25,0.99763958167,0.999046051433,0.00020179896019,5.68513330581,88.5175255715,5.83875,6580.71837884
205,9.3829E+11,D,18.01,11,40,1.0,1,BOOT FLOPPY,18.01,0.0027397260274,0.109589041096,0.0,1.0,1.0,1.0,365.0,0.896202361969,0.896202361969,0.00579140306476,0.896202361969,16.1406045391,9.005,155.500691974
206,9.38295E+11,D,110.33,11,30,1.0,1,CARTRIDGE,110.33,0.0027397260274,0.0821917808219,0.0,1.0,1.0,1.0,365.0,0.921095293344,0.921095293344,0.00328707416587,0.921095293344,101.624443715,55.165,1287.93893319
207,9.38295E+11,D,110.33,11,120,1.0,1,CARTRIDGE STAR BANK,110.33,0.0027397260274,0.328767123288,0.0,1.0,1.0,1.0,365.0,0.719810624362,0.719810624362,0.0485777476497,0.719810624362,79.4167061859,55.165,283.439391679
208,9.39931E+11,C,1230.0,25,120,2.0,2,DRIVER BOARD P/H,2460.0,0.00547945205479,0.657534246575,0.0,2.0,2.0,1.0,365.0,0.518127334945,0.688470568351,0.105068482399,0.947534235823,1165.46711006,1230.0,1322.54155132
209,9.39931E+11,B,4.85,25,150,2.0,2,FILTER AIR VENT,9.7,0.00547945205479,0.821917808219,0.0,2.0,2.0,1.0,365.0,0.439587800493,0.620240321243,0.161952029709,0.84003422149,4.07416597422,4.85,3.80434407792
210,93E110187,C,30.78,5,42,1.0,1,CARD ASSY-MOTHER,30.78,0.0027397260274,0.115068493151,0.0,1.0,1.0,1.0,365.0,0.891305093522,0.891305093522,0.0063735866727,0.891305093522,27.4343707786,15.39,252.397942715
211,93E450935,C,6.34,50,42,1.0,1,ANGLE-REAR,6.34,0.0027397260274,0.115068493151,0.0,1.0,1.0,1.0,365.0,0.891305093522,0.891305093522,0.0063735866727,0.891305093522,5.65087429293,3.17,51.9884001563
212,93E7430125,B,16.15,26,30,17.0,4,STOP-SHEET,274.55,0.0465753424658,1.39726027397,7.0,12.0,5.0,3.4,107.352941176,0.999894857323,0.999975258877,4.2886353343e-06,8.60274401466,138.934315837,11.875,153584.65658
213,93E7431442,B,9.69,26,40,19.0,11,GEAR-TRANSFER,184.11,0.0520547945205,2.08219178082,7.0,13.0,6.0,3.16666666667,115.263157895,0.998590297953,0.999698986329,8.21383597051e-05,8.41789035754,81.5693575645,9.18,6864.10295427
214,93E7431516,B,14.01,26,120,10.0,8,PULLEY,140.1,0.027397260274,3.28767123288,4.0,7.0,3.0,3.33333333333,109.5,0.764834363893,0.866345109222,0.101108045606,2.81343681273,39.4162497463,6.3045,45.5650307396
215,93E8251159,B,0.2,5,105,5.0,2,PLUG-CONN(CPC)#3+#4,1.0,0.013698630137,1.43835616438,2.0,5.0,3.0,1.66666666667,219.0,0.824154104964,0.916728959221,0.034454952061,2.59609878768,0.519219757535,0.18,0.937359504233
216,93E8251652,B,11.66,5,105,4.0,4,* SENSOR ASSY - GR A,46.64,0.0109589041096,1.15068493151,1.0,4.0,3.0,1.33333333333,273.75,0.680519659646,0.84695742397,0.0644093221635,1.91372439066,22.3140263951,13.1175,24.8367684305
217,93H200027,B,3.61,17,150,3.0,2,RIBBON SPOOL GEAR,10.83,0.00821917808219,1.23287671233,1.0,3.0,2.0,1.5,243.333333333,0.650778492045,0.761529517038,0.111248419679,1.37837170735,4.97592186353,2.40666666667,6.72727854031
218,93TP50083,C,0.01,10,30,1.0,1,I.R.S. SHEET FEEDER,0.01,0.0027397260274,0.0821917808219,0.0,1.0,1.0,1.0,365.0,0.921095293344,0.921095293344,0.00328707416587,0.921095293344,0.00921095293344,0.005,0.116735152107
